NUCKOLLSCOUNTYNE.GOV,County,Non-Federal Agency,Nuckolls County,Nelson,NE,support@appliedconnective.com
NUECESCOUNTYTX.GOV,County,Non-Federal Agency,Nueces County Courthouse,Corpus Christi,TX,security.it@nuecesco.com
NWCLEANAIRWA.GOV,County,Non-Federal Agency,Northwest Clean Air Agency,Mount Vernon,WA,(blank)
NYECOUNTYNV.GOV,County,Non-Federal Agency,County of Nye,Pahrump,NV,badams@co.nye.nv.us
OAKLANDCOUNTYMI.GOV,County,Non-Federal Agency,Oakland County Michigan,Pontiac,MI,(blank)
OBIONCOUNTYTN.GOV,County,Non-Federal Agency,Obion County Government,Union City,TN,sorton@localgovcorp.com
OCPONJ.GOV,County,Non-Federal Agency,Ocean County Prosecutor's Office,Toms River,NJ,ocpopress@co.ocean.nj.us
OCSHERIFF.GOV,County,Non-Federal Agency,Orange County Sheriff-Coroner Department,Santa Ana,CA,webmaster@ocsd.org
OGLECOUNTYIL.GOV,County,Non-Federal Agency,Ogle County,Oregon,IL,ogle-security@oglecounty.org
CSKT.GOV,Tribal,Non-Federal Agency,Confederated Salish and Kootenai Tribes,Pablo,MT,it.security@cskt.org
GTB-NSN.GOV,Tribal,Non-Federal Agency,Grand Traverse Band of Ottawa and Chippewa Indians,Peshawbestown,MI,itsupport@gtbindians.com
IIPAYNATIONOFSANTAYSABEL-NSN.GOV,Tribal,Non-Federal Agency,Iipay Nation of Santa Ysabel,Santa Ysabel,CA,tribalcouncil@iipaynation-nsn.gov
MBCI.GOV,Tribal,Non-Federal Agency,Mississippi Band of Choctaw Indians,Choctaw,MS,support@choctaw.org
NHBP.GOV,Tribal,Non-Federal Agency,Nottawaseppi Huron Band of the Potawatomi,Fulton,MI,it@nhbp-nsn.gov
PITU.GOV,Tribal,Non-Federal Agency,Paiute Indian Tribe of Utah,Cedar City,UT,ejorgensen@utahpaiutes.org
SAMISHNATION.GOV,Tribal,Non-Federal Agency,Samish Indian Nation,Anacortes,WA,domainsecurity@samishtribe.nsn.us
SHINNECOCK-NSN.GOV,Tribal,Non-Federal Agency,Shinnecock Nation,Southampton,NY,Departmentofpublicsafety@shinnecock.org
TBYI.GOV,Tribal,Non-Federal Agency,Texas Band of Yaqui Indians,Lubbock,TX,vicechairmantexasyaqui@gmail.com
YOCHADEHE.GOV,Tribal,Non-Federal Agency,Yocha Dehe Wintun Nation,Brooks,CA,bseibel@yochadehe-nsn.gov
